-4.0110234749e-39,5.8261534018e-39,-9.0798535294e-41,3.1490259350e-40,-3.7580891021e-39,-1.3889188871e-14,6.1875496770e-39,8.2901405695e-39,-1.1204782521e-40,-7.2105213780e-41,-1.5686695529e-40,-8.2033139467e-01,7.0278169587e-03,-2.8286702931e-02,6.3460260630e-02,-7.7421050519e-03,2.5369545445e-02,-6.4303576946e-02,4.6767335385e-02,-3.7056144327e-02,-3.4201934934e-02,1.8785540015e-02
9.8059104239e-13,7.4193716492e-15,3.4833337096e-40,-1.6863295969e-05,1.9245433109e-41,-4.2851749078e-39,-6.7511757414e-39,-1.6669145882e-40,-3.7615783353e-39,-1.3041324288e-40,6.9945622227e-24,-4.6092686243e-03,-8.0676853657e-01,8.9877005666e-03,5.5379252881e-02,1.7640130594e-02,-2.0651483908e-02,-3.1614210457e-02,2.6524107903e-02,4.6381402761e-02,-2.6118610054e-02,4.4866245240e-02
3.3313628912e-40,-1.4600052469e-37,2.7238495601e-39,2.0068836087e-40,-7.3321526834e-39,9.7043505979e-39,6.2023011459e-39,-1.4528270115e-38,6.7475253589e-39,-8.1309880964e-39,4.3540991741e-39,-1.4118672349e-02,-3.3845014870e-02,-7.9762834311e-01,-1.6506982967e-02,2.2235337645e-02,1.7647592351e-02,3.4009449184e-02,-2.2414444014e-02,-1.9681552425e-02,-5.3849364631e-03,1.0176412761e-02
1.5247019919e-38,1.1937515883e-37,-4.7991851975e-39,-2.6597765892e-40,-3.7452980497e-39,-1.1570690050e-25,-3.5245304271e-37,2.1820010968e-25,2.9363032081e-04,-4.3927806169e-39,8.3287771707e-39,-3.8932107389e-02,-5.4181519896e-02,-3.8759459276e-03,-8.0457109213e-01,-5.6441608816e-02,-1.0665271431e-02,-4.2911294848e-02,-7.2609153576e-03,2.3090464994e-02,-8.4170877934e-02,-2.7789222077e-02
2.0798211937e-39,-1.5586515368e-12,-7.4002769190e-11,1.0426558807e-38,2.3731519184e-38,-4.7516041081e-39,1.8073947593e-41,-1.1232808490e-41,2.2033454705e-14,8.1308437627e-39,-2.5040362778e-40,1.4017065056e-02,-2.8072956484e-03,1.0028554127e-02,2.8552940115e-02,-7.8957456350e-01,8.4722926840e-03,1.5095430426e-02,-5.9815779328e-02,-1.9156875089e-02,1.1648206040e-02,-2.4256343022e-02
2.8770661329e-39,9.9223576064e-39,-2.4921630760e-39,2.1142965156e-10,2.2072423841e-38,-5.5090227437e-39,2.0585435578e-09,-7.4128688763e-42,2.1423152384e-32,-8.6011656094e-05,1.7922335507e-38,-4.0352214128e-02,6.2445215881e-02,-2.6304168627e-02,-2.7878606692e-02,1.0095259495e-04,-7.9891073704e-01,2.3494660854e-02,2.9060814530e-02,2.2779144347e-02,1.7998883501e-02,1.9846897572e-02
-7.5901732544e-07,-1.0445418883e-40,-1.4524878972e-40,-1.9228617527e-40,2.9954604389e-39,-2.9144633416e-15,6.8994097546e-08,-2.2123560025e-40,-3.3013473079e-17,-1.2452547936e-15,2.1002661383e-41,8.9309357107e-02,9.1786496341e-03,-3.9134550840e-02,2.2841902450e-02,1.7694449052e-02,-5.9104184620e-03,-7.8114312887e-01,2.1257894114e-02,1.9479976967e-02,-1.1533094570e-02,1.9574863836e-02
-7.5868190611e-39,8.1908823954e-39,-1.2990368330e-15,1.5265893543e-14,-4.3406319849e-16,1.9998949163e-09,-2.6370209034e-38,2.0765141294e-40,-2.7823534587e-09,-2.9878163558e-39,-2.5245372744e-40,8.2724448293e-03,-1.5897823498e-02,2.0184040070e-02,2.4843756109e-02,6.5559148788e-02,-7.5391091406e-02,-3.4602861851e-02,-7.9007244110e-01,-3.2954346389e-02,5.3231824189e-02,-1.2108601630e-02
9.0307572975e-08,-8.2954206621e-38,-3.0025800479e-22,-4.6520572665e-39,3.6669794786e-39,1.7329675940e-38,2.3995975033e-40,1.9688869202e-07,2.6285976983e-40,6.2567836302e-39,-8.2922509598e-15,3.7731874734e-02,-4.1096448898e-02,1.0820728727e-02,-2.6088401675e-02,-1.8018756062e-02,-3.2221049070e-02,-9.0764323249e-04,-3.3801719546e-03,-8.0700451136e-01,3.0292015523e-02,9.8730269819e-03
9.9406277358e-39,-3.1093551755e-39,1.3961725145e-38,7.9622339262e-39,1.3950486732e-40,-5.4608531090e-39,2.5697908070e-39,2.4857773589e-40,2.1841393165e-38,-5.8654144909e-14,4.9383201220e-39,2.0280689001e-02,4.2180374265e-02,1.6991462559e-02,7.5572386384e-02,-6.1803665012e-03,-3.5644199699e-02,-1.4319978654e-02,-2.3941602558e-02,-2.4336202070e-02,-8.1229209900e-01,-1.8665757030e-02
7.0772298681e-39,-1.2736393546e-04,7.8165925288e-07,1.0907034623e-37,-3.0913625032e-40,6.3354694824e-09,6.0817754650e-41,1.9533750268e-39,4.7808206312e-19,3.0355627983e-40,1.3375945855e-04,4.0085762739e-03,8.8421981782e-03,2.7122427709e-03,-2.3877124768e-03,-8.2724189269e-05,7.7171185985e-03,1.0269020684e-02,4.0699411184e-03,-6.1664478853e-03,-6.5025491640e-03,8.5062390566e-01
-4.6302726806e-39,-6.5696620778e-14,1.4502318067e-40,1.3646685225e-40,3.7035164432e-13,-2.0079113719e-11,2.0802923828e-09,6.3632963265e-42,-3.7129656156e-20,-1.2001337325e-20,-8.5423154385e-42,7.8992974083e-39,6.0472634881e-20,-1.1266187983e-10,2.8901265149e-38,8.9855517480e-39,3.2398813630e-38,-8.0507399372e-41,-1.6186398561e-40,-3.0196860867e-40,-4.9963744080e-13,5.4991133869e-10
7.2682548748e-41,1.9132835180e-25,-3.8241308975e-39,3.0601513825e-39,-1.4341398557e-38,-8.7435418980e-41,5.7239272775e-39,3.3980086461e-40,2.3244178407e-40,3.5255268064e-40,-3.3874182463e-06,1.1830508129e-08,-9.9933599983e-41,2.9413254766e-41,-1.9479547031e-15,-3.4303778220e-16,-3.0384004277e-39,1.4364148637e-38,2.1658469065e-41,-4.9099760580e-39,1.8334028588e-40,7.2580127843e-39
2.9426093463e-38,1.3157491931e-40,9.1705848024e-39,6.6976741661e-39,-2.7350949803e-39,2.8086225120e-40,5.4743125807e-41,3.9112384126e-39,2.0320229031e-40,2.2143252509e-10,-3.3842394874e-39,1.4733253680e-12,7.9902402773e-39,-8.4620420560e-39,-8.1206049542e-18,-4.1304491366e-39,-2.8441428781e-15,2.2421672260e-39,-1.4986297793e-13,-1.8418923733e-37,-2.4482589938e-38,-1.3554650845e-21
-4.4087652285e-41,2.2846349773e-40,-3.3999130108e-39,2.3169629329e-40,-4.0073408626e-38,8.6802304233e-10,7.6681854565e-41,-2.8625416744e-39,2.3235840681e-39,2.3219235294e-40,1.1087816138e-38,-1.3446719934e-40,-1.4523836406e-38,-6.2231925342e-13,-5.1158121860e-15,-6.4269056566e-07,1.9169342602e-40,-6.8763116943e-41,-7.2806801882e-39,5.6187864524e-41,1.9117166183e-10,5.5092958492e-18
2.1616436641e-08,-1.1582413224e-15,7.6166639158e-39,7.7808308561e-06,3.0920729615e-39,9.5281289082e-41,-2.6812823167e-39,3.0032908947e-40,-1.5971432731e-04,-2.2613562578e-08,-7.8844058095e-41,3.3396529729e-39,5.7470402383e-37,-5.9275051158e-39,3.5001212652e-40,-1.0966833634e-38,-3.2358639146e-07,6.1048142131e-39,8.2558900324e-41,1.7345633263e-10,-4.6310013558e-39,3.8196598662e-12
1.3332358565e-38,1.8790151238e-40,1.6291355816e-40,2.8508982854e-39,2.6923024081e-38,-5.0157881050e-39,8.0589431384e-39,-7.0172823198e-41,2.5591773704e-17,2.6634199652e-40,2.4751527139e-38,-1.6613224943e-05,-1.0774443762e-40,9.8166428142e-16,-5.2118747882e-18,3.0085878029e-40,-7.1194776155e-39,-2.1339043080e-39,-2.4863323766e-20,-8.9454073496e-39,3.3105676220e-40,3.9667566908e-24
1.9360844051e-39,-1.0144279843e-40,-5.8167899254e-42,-2.3706606900e-40,-8.0484419129e-09,3.4467598197e-40,-1.2143695771e-11,-5.3569912395e-11,-1.0499147469e-38,4.9210799470e-41,6.6669934313e-05,4.7780281858e-20,3.9796273828e-39,2.4303052382e-15,-5.9839687459e-13,-2.5706119679e-40,-1.4174897674e-38,8.3749485538e-39,-2.9374939903e-37,7.0345323039e-39,2.3415977599e-40,5.0992355227e-07
1.5616773538e-38,3.8161561079e-41,-4.5573393948e-09,-1.2546525800e-40,-4.0251560307e-08,-2.3569980300e-40,1.7315151481e-38,6.0577389925e-39,-1.3000465227e-38,-6.8549867343e-39,-8.8186514957e-41,-1.0758414646e-05,5.5233482179e-39,-2.0451923061e-39,2.5968313832e-38,1.8869324601e-40,-2.5846883649e-18,-1.0625340001e-38,-1.8419703976e-39,-4.0845860391e-39,1.3652010159e-40,-1.5736585958e-38
3.3105816350e-40,2.3706312627e-39,-6.0297060167e-39,1.0530337570e-40,-5.2472699996e-39,4.2092595635e-39,-1.6992634232e-38,-6.5966335403e-39,-1.7004847177e-04,3.1950165506e-40,-8.3364602688e-06,-2.4528048060e-40,4.9587328368e-39,3.0756539474e-40,-1.3773642866e-40,-2.0197719112e-38,1.4974934487e-11,-2.9674618507e-19,-6.1732802547e-41,-2.6272090116e-39,-3.0801817047e-05,3.2016867313e-41
9.2216929600e-39,-2.1628201018e-40,3.7264843988e-12,1.0058520377e-40,-1.2514576195e-40,2.4710370781e-06,1.3815990105e-38,-2.9953557292e-16,1.7194772936e-40,2.8161660885e-04,-2.7758601540e-40,-3.4333699078e-12,1.4790673061e-38,-9.5693915428e-39,4.5329401473e-05,-6.1857003894e-12,1.4087709133e-06,3.5146387173e-40,2.6539317733e-39,-3.6320381014e-39,-1.8628217187e-39,-2.7176081768e-40
-9.9086809334e-39,-2.5363870009e-06,-8.6824733109e-39,-9.3549038866e-05,-8.6880634430e-20,-1.5064914594e-11,-2.4043479051e-39,6.2591994688e-39,-5.8067510232e-39,8.6431514747e-39,9.1290391055e-41,6.3990616672e-39,-3.7481090545e-39,1.3393688936e-11,9.6228566844e-41,-1.7804618028e-40,2.4520761308e-40,1.0296327733e-38,-5.7534792608e-39,2.7487730546e-38,-3.8699169235e-39,2.1047993389e-39
